{
  "persons": [
    {
      "id": "7de6",
      "name": "Ruben",
      "number": "56151"
    },
    {
      "id": "8183",
      "name": "Humberto",
      "number": "03215641"
    },
    {
      "id": "2300",
      "name": "Luis",
      "number": "654651"
    },
    {
      "id": "ec4a",
      "name": "Carlos",
      "number": "8911563"
    },
    {
      "id": "9514",
      "name": "Fran",
      "number": "5451023230"
    },
    {
      "id": "cdd3",
      "name": "Jorge",
      "number": "123124124"
    },
    {
      "id": "7efa",
      "name": "Tomas",
      "number": "5432514534"
    },
    {
      "id": "8bf3",
      "name": "Jose",
      "number": "5156102"
    }
  ]
}